Baseline_MAE,Baseline_RMSE,RF_MAE,RF_RMSE
11697.65,30583.847877760574,4385.542930627202,6730.124106224072
