week,actual_demand,baseline_forecast,rf_forecast
136,44702,50542.0,51060.96469961
137,37892,53260.0,47959.9582563668
138,52348,221209.0,42128.74446596442
139,53231,49477.0,50232.070274619924
140,55255,44702.0,50547.89383091599
141,51699,37892.0,50219.61899402416
142,48628,52348.0,50042.0083019456
143,54596,53231.0,47713.93782063055
144,52756,55255.0,51790.12885942485
145,28468,51699.0,49189.16085258793
